Preamble,Status,w1,w2,w3,a1,a2,a3,Pressure,Temperature,GPS Fix,Latitude,Longitude,Elevation,Speed,Number of Satellites,UTC Time,UTC Date,Timestamp
JUPITER,0,2.7862637042999268,-2.037950038909912,-1.129766821861267,-0.00579833984375,0.00048828125,-0.96533203125,93186.2109375,32.290000915527344,1,-21.96391487121582,-47.48579788208008,665.7000122070312,0.5189999938011169,8,204520,180224,650265
JUPITER,0,2.8091518878936768,-1.7556623220443726,-1.053472876548767,-0.00640869140625,0.00390625,-0.973876953125,93184.734375,32.279998779296875,1,-21.96391487121582,-47.48579788208008,665.7000122070312,0.5189999938011169,8,204520,180224,650265
JUPITER,0,2.8625576496124268,-1.6946271657943726,-1.053472876548767,-0.00408935546875,0.0052490234375,-0.976318359375,93399.328125,33.779998779296875,1,-21.96391487121582,-47.48579788208008,665.7000122070312,0.5189999938011169,8,204520,180224,650577
JUPITER,0,2.8396694660186768,-1.7327741384506226,-1.076361060142517,-0.00384521484375,0.0040283203125,-0.9759521484375,93188.3125,32.290000915527344,1,-21.96391487121582,-47.48579788208008,665.7000122070312,0.09200000017881393,8,204520,180224,650577
JUPITER,0,2.9769985675811768,-1.6869977712631226,-1.091619849205017,-0.01055908203125,0.0003662109375,-0.986083984375,93184.734375,32.279998779296875,1,-21.96391487121582,-47.48579788208008,665.4000244140625,0.09200000017881393,8,204521,180224,650577
JUPITER,0,2.8015224933624268,-1.8319562673568726,-1.114508032798767,-0.00604248046875,-0.0010986328125,-0.964599609375,93179.84375,32.290000915527344,1,-21.96391487121582,-47.48579788208008,665.4000244140625,0.09200000017881393,8,204521,180224,650577
JUPITER,0,3.0838100910186768,-2.030320644378662,-1.076361060142517,-0.00213623046875,0.002685546875,-0.9810791015625,93183.984375,32.279998779296875,1,-21.96391487121582,-47.48579788208008,665.4000244140625,0.09200000017881393,8,204521,180224,650577
JUPITER,0,2.8015224933624268,-1.9311383962631226,-1.137396216392517,-0.00177001953125,0.0045166015625,-0.9755859375,93192.6015625,32.29999923706055,1,-21.96391487121582,-47.48579788208008,665.4000244140625,0.09200000017881393,8,204521,180224,650577
JUPITER,0,2.9846279621124268,-1.6946271657943726,-1.015325903892517,-0.00799560546875,0.004638671875,-0.9830322265625,93184.890625,32.29999923706055,1,-21.96391487121582,-47.48579788208008,665.4000244140625,0.09200000017881393,8,204521,180224,650577
JUPITER,0,2.9159634113311768,-1.7022565603256226,-1.083990454673767,-0.01177978515625,0.0,-0.98095703125,93402.90625,33.779998779296875,1,-21.96391487121582,-47.485801696777344,665.4000244140625,0.09200000017881393,8,204521,180224,650843
JUPITER,0,4.983529090881348,15.822463035583496,1.159051537513733,0.23858642578125,0.14794921875,-1.0233154296875,93159.59375,32.22999954223633,1,-21.96391487121582,-47.485801696777344,665.4000244140625,0.09200000017881393,8,204521,180224,650843
JUPITER,0,2.3513882160186768,14.601759910583496,-1.831671118736267,0.08990478515625,0.1259765625,-1.00341796875,93165.234375,32.22999954223633,1,-21.96391487121582,-47.485801696777344,665.4000244140625,0.503000020980835,8,204521,180224,650843
JUPITER,0,1.9317715167999268,18.43171501159668,-2.4496521949768066,0.00909423828125,0.0716552734375,-0.7928466796875,93174.4375,32.22999954223633,1,-21.96391487121582,-47.485801696777344,665.0,0.503000020980835,8,204522,180224,650843
JUPITER,0,0.5432217121124268,9.627394676208496,-0.5957092046737671,-0.07855224609375,0.0172119140625,-1.0042724609375,93170.875,32.22999954223633,1,-21.96391487121582,-47.485801696777344,665.0,0.503000020980835,8,204522,180224,650843
JUPITER,0,2.1072475910186768,-8.568711280822754,-0.2447570562362671,-0.08990478515625,0.6025390625,-1.0462646484375,93172.9375,32.220001220703125,1,-21.96391487121582,-47.485801696777344,665.0,0.503000020980835,8,204522,180224,650843
JUPITER,0,8.752449989318848,-1.7098859548568726,-2.3199524879455566,0.23663330078125,1.02508544921875,-1.1212158203125,93169.546875,32.2400016784668,1,-21.96391487121582,-47.485801696777344,665.0,0.503000020980835,8,204522,180224,650843
JUPITER,0,0.8331387042999268,5.286268711090088,-11.315008163452148,-1.36944580078125,1.02508544921875,-0.8985595703125,93384.609375,33.790000915527344,1,-21.96391487121582,-47.485801696777344,665.0,0.503000020980835,8,204522,180224,651073
JUPITER,0,3.9840786457061768,-11.483139991760254,-2.4267640113830566,-1.97198486328125,1.02508544921875,-0.8092041015625,93016.703125,31.639999389648438,1,-21.96391487121582,-47.485801696777344,665.0,0.503000020980835,8,204522,180224,651073
JUPITER,0,15.649422645568848,3.264479160308838,18.2641544342041,-0.55999755859375,1.02508544921875,-1.241455078125,92979.828125,31.360000610351562,1,-21.96391487121582,-47.485801696777344,665.0,0.503000020980835,8,204522,180224,651073
JUPITER,0,-7.711783409118652,-13.977952003479004,23.3605899810791,-0.33587646484375,1.02508544921875,-1.2266845703125,92958.328125,31.1299991607666,1,-21.96391487121582,-47.485801696777344,665.0,0.503000020980835,8,204522,180224,651073
JUPITER,0,10.957345008850098,20.47639274597168,14.678339004516602,-0.08941650390625,1.02508544921875,-0.4169921875,92979.078125,31.350000381469727,1,-21.96391487121582,-47.485801696777344,665.0,0.503000020980835,8,204522,180224,651073
JUPITER,0,10.964974403381348,-45.55601501464844,4.783013820648193,-0.42218017578125,1.02508544921875,-0.5865478515625,93016.34375,31.770000457763672,1,-21.96391487121582,-47.485801696777344,665.0,0.503000020980835,8,204522,180224,651073
JUPITER,0,7.638558387756348,-74.50193786621094,-0.2981628179550171,-0.01861572265625,1.02508544921875,-0.90478515625,92997.78125,31.739999771118164,1,-21.96391487121582,-47.485801696777344,665.0,2.7850000858306885,8,204522,180224,651073
JUPITER,0,7.333382606506348,-74.56297302246094,-1.312872290611267,0.00506591796875,1.02508544921875,-0.864501953125,93287.109375,33.79999923706055,1,-21.96391487121582,-47.485801696777344,663.4000244140625,2.7850000858306885,8,204523,180224,651283
JUPITER,0,6.967171669006348,-186.42515563964844,-17.06757164001465,-0.08599853515625,1.02508544921875,-0.835205078125,92762.109375,31.790000915527344,1,-21.96391487121582,-47.485801696777344,663.4000244140625,2.7850000858306885,8,204523,180224,651283
JUPITER,0,7.333382606506348,-187.6382293701172,-16.71661949157715,0.00823974609375,1.02508544921875,-0.9150390625,92764.75,31.770000457763672,1,-21.96391487121582,-47.485801696777344,663.4000244140625,2.7850000858306885,8,204523,180224,651283
JUPITER,0,7.554635047912598,-187.46275329589844,-16.8768367767334,-0.04620361328125,1.02508544921875,-0.814453125,92759.1171875,31.770000457763672,1,-21.96391487121582,-47.485801696777344,663.4000244140625,2.7850000858306885,8,204523,180224,651283
JUPITER,0,7.241829872131348,-186.9363250732422,-16.7395076751709,-0.07684326171875,1.02508544921875,-0.8677978515625,92765.671875,31.790000915527344,1,-21.96391487121582,-47.485801696777344,663.4000244140625,2.7850000858306885,8,204523,180224,651283
JUPITER,0,7.470711708068848,-171.16636657714844,-15.679021835327148,-0.04315185546875,1.02508544921875,-0.867919921875,92705.734375,31.790000915527344,1,-21.96391487121582,-47.485801696777344,663.4000244140625,2.7850000858306885,8,204523,180224,651283
JUPITER,0,7.791146278381348,-63.18754577636719,-11.131902694702148,-0.02557373046875,1.02508544921875,-0.9639892578125,92821.03125,33.7599983215332,1,-21.96391487121582,-47.485801696777344,663.4000244140625,2.7850000858306885,8,204523,180224,651679
JUPITER,0,11.956795692443848,-56.30583190917969,-7.179876804351807,0.08526611328125,1.02508544921875,-0.973876953125,92149.71875,31.760000228881836,1,-21.96391487121582,-47.485801696777344,663.4000244140625,25.17799949645996,8,204523,180224,651679
JUPITER,0,11.445626258850098,-62.02787780761719,-7.988592624664307,0.03253173828125,1.02508544921875,-0.862060546875,92150.4296875,31.770000457763672,1,-21.96391487121582,-47.485801696777344,661.7000122070312,25.17799949645996,6,204524,180224,651679
JUPITER,0,11.743172645568848,-66.58262634277344,-9.033819198608398,0.07464599609375,1.02508544921875,-0.9912109375,92146.8984375,31.760000228881836,1,-21.96391487121582,-47.485801696777344,661.7000122070312,25.17799949645996,6,204524,180224,651679
JUPITER,0,12.612923622131348,-74.60111999511719,-9.270330429077148,0.02801513671875,1.02508544921875,-0.9560546875,92134.1484375,31.75,1,-21.96391487121582,-47.485801696777344,661.7000122070312,25.17799949645996,6,204524,180224,651679
JUPITER,0,11.361702919006348,-146.1800994873047,-11.688848495483398,0.04461669921875,1.02508544921875,-0.9888916015625,92045.3203125,31.739999771118164,1,-21.96391487121582,-47.485801696777344,661.7000122070312,25.17799949645996,6,204524,180224,651679
JUPITER,0,8.882149696350098,-183.1216278076172,-14.366765975952148,-0.02703857421875,1.02508544921875,-0.8486328125,92011.03125,31.780000686645508,1,-21.963916778564453,-47.48573303222656,661.7000122070312,25.17799949645996,6,204524,180224,651679
JUPITER,0,2.3056118488311768,-224.35850524902344,-16.5106258392334,-0.21185302734375,1.02508544921875,-0.9134521484375,92183.40625,33.72999954223633,1,-21.963916778564453,-47.48573303222656,661.7000122070312,25.17799949645996,6,204524,180224,651967
JUPITER,0,-13.189688682556152,177.3825225830078,0.4571472406387329,-6.103515625e-05,1.02508544921875,-1.2080078125,91348.234375,31.770000457763672,1,-21.963916778564453,-47.48573303222656,661.7000122070312,25.17799949645996,6,204524,180224,651967
JUPITER,0,-12.640372276306152,183.0587921142578,1.052240014076233,-0.11846923828125,1.02508544921875,-1.216796875,91336.96875,31.770000457763672,1,-21.963916778564453,-47.48573303222656,661.7000122070312,39.0880012512207,6,204524,180224,651967
JUPITER,0,-12.670889854431152,193.7246856689453,1.525262475013733,-0.11016845703125,1.02508544921875,-1.1871337890625,91318.625,31.760000228881836,1,-21.963916778564453,-47.48573303222656,659.7999877929688,39.0880012512207,6,204525,180224,651967
JUPITER,0,-12.716666221618652,200.0113067626953,1.105645775794983,-0.08856201171875,1.02508544921875,-1.0484619140625,91313.703125,31.770000457763672,1,-21.963916778564453,-47.48573303222656,659.7999877929688,39.0880012512207,6,204525,180224,651967
JUPITER,0,-6.887808799743652,248.3511505126953,5.065301418304443,0.03082275390625,1.02508544921875,-1.0531005859375,91171.9375,31.719999313354492,1,-21.963916778564453,-47.48573303222656,659.7999877929688,39.0880012512207,6,204525,180224,651967
JUPITER,0,-3.9657504558563232,201.7508087158203,7.079461574554443,0.16217041015625,1.02508544921875,-0.9444580078125,91297.2578125,33.68000030517578,1,-21.963916778564453,-47.48573303222656,659.7999877929688,39.0880012512207,6,204525,180224,652202
JUPITER,0,-1.9287021160125732,-221.97813415527344,-12.940069198608398,-0.00494384765625,1.02508544921875,-1.0465087890625,90467.796875,31.700000762939453,1,-21.963916778564453,-47.48573303222656,659.7999877929688,39.0880012512207,6,204525,180224,652202
JUPITER,0,-1.8905551433563232,-222.9318084716797,-13.733526229858398,0.10980224609375,1.02508544921875,-1.322998046875,90457.9921875,31.709999084472656,1,-21.963916778564453,-47.48573303222656,659.7999877929688,39.0880012512207,6,204525,180224,652202
JUPITER,0,-3.1265170574188232,-215.47789001464844,-13.947149276733398,-0.08294677734375,1.02508544921875,-1.1756591796875,90441.09375,31.709999084472656,1,-21.963903427124023,-47.485626220703125,659.7999877929688,39.0880012512207,6,204525,180224,652202
JUPITER,0,-2.0049960613250732,-208.5580291748047,-12.741704940795898,0.06048583984375,1.02508544921875,-1.2109375,90439.640625,31.700000762939453,1,-21.963903427124023,-47.485626220703125,659.7999877929688,39.0880012512207,6,204525,180224,652202
JUPITER,0,-1.8447787761688232,-207.58909606933594,-12.375494003295898,0.01666259765625,1.02508544921875,-1.223876953125,90429.828125,31.709999084472656,1,-21.963903427124023,-47.485626220703125,659.7999877929688,39.0880012512207,6,204525,180224,652202
JUPITER,0,-6.430045127868652,-177.91075134277344,-13.794561386108398,0.01849365234375,1.02508544921875,-1.2801513671875,90392.59375,31.729999542236328,0,-21.963903427124023,-47.485626220703125,659.7999877929688,39.0880012512207,0,204526,180224,652202
JUPITER,0,-9.062186241149902,-56.16850280761719,-8.659978866577148,-0.06365966796875,1.02508544921875,-1.2220458984375,90247.546875,31.719999313354492,0,-21.963903427124023,-47.485626220703125,659.7999877929688,39.0880012512207,0,204526,180224,652202
JUPITER,0,-13.265982627868652,-32.28849792480469,-7.637640476226807,-0.13751220703125,1.02508544921875,-1.3482666015625,90238.359375,31.709999084472656,0,-21.963903427124023,-47.485626220703125,659.7999877929688,39.0880012512207,0,204526,180224,652202
JUPITER,0,-15.921011924743652,86.95130920410156,-2.7014222145080566,-0.06597900390625,1.02508544921875,-1.179931640625,90417.2734375,33.66999816894531,0,-21.963903427124023,-47.485626220703125,659.7999877929688,39.0880012512207,0,204526,180224,652432
JUPITER,0,5.487069129943848,-94.62065124511719,13.457635879516602,-0.08660888671875,1.02508544921875,-1.202880859375,89461.375,31.709999084472656,0,-21.963903427124023,-47.485626220703125,659.7999877929688,39.0880012512207,0,204526,180224,652432
JUPITER,0,0.33722805976867676,-77.81309509277344,12.816766738891602,0.11468505859375,1.02508544921875,-1.2501220703125,89447.296875,31.709999084472656,0,-21.963903427124023,-47.485626220703125,659.7999877929688,39.0880012512207,0,204526,180224,652432
JUPITER,0,1.4129726886749268,-72.66325378417969,11.794427871704102,0.03033447265625,1.02508544921875,-1.296630859375,89430.4453125,31.729999542236328,0,-21.963903427124023,-47.485626220703125,659.7999877929688,39.0880012512207,0,204526,180224,652432
JUPITER,0,-9.100333213806152,167.1743927001953,11.405328750610352,-0.33770751953125,0.5869140625,-1.172607421875,89230.59375,31.729999542236328,0,-21.963903427124023,-47.485626220703125,659.7999877929688,39.0880012512207,0,204526,180224,652432
JUPITER,0,-9.687796592712402,248.3511505126953,21.52190589904785,-0.10162353515625,-0.1605224609375,-1.2733154296875,89352.5625,33.61000061035156,0,-21.963903427124023,-47.485626220703125,659.7999877929688,39.0880012512207,0,204526,18,652703
JUPITER,0,-42.57048797607422,248.3511505126953,39.19921112060547,-0.30181884765625,-1.271728515625,-0.7254638671875,88407.265625,31.540000915527344,0,-21.963903427124023,-47.485626220703125,659.7999877929688,39.0880012512207,0,204526,18,652703
JUPITER,0,-43.34868621826172,248.3511505126953,38.64989471435547,-0.16009521484375,-1.2431640625,-0.966064453125,88401.640625,31.540000915527344,0,-21.963903427124023,-47.485626220703125,659.7999877929688,39.0880012512207,0,204527,18,652703
JUPITER,0,-41.86095428466797,248.3511505126953,37.93273162841797,-0.20916748046875,-1.247802734375,-0.841064453125,88381.953125,31.540000915527344,0,-21.963903427124023,-47.485626220703125,659.7999877929688,39.0880012512207,0,204527,18,652703
JUPITER,0,-43.23424530029297,248.3511505126953,37.18505096435547,-0.21197509765625,-1.246337890625,-0.7886962890625,88370.703125,31.559999465942383,0,-21.963903427124023,-47.485626220703125,659.7999877929688,39.0880012512207,0,204527,18,652703
JUPITER,0,-42.69255828857422,248.3511505126953,36.58995819091797,-0.08502197265625,-1.22607421875,-0.782470703125,88355.25,31.549999237060547,0,-21.963903427124023,-47.485626220703125,659.7999877929688,39.0880012512207,0,204527,18,652703
JUPITER,0,-31.530752182006836,248.3511505126953,33.16436004638672,-0.04412841796875,-1.21875,-0.676513671875,88239.203125,31.549999237060547,0,-21.963903427124023,-47.485626220703125,659.7999877929688,39.0880012512207,0,204527,18,652703
JUPITER,0,-23.260488510131836,162.8866729736328,37.50548553466797,0.01116943359375,-1.2542724609375,-0.802001953125,88488.09375,33.529998779296875,0,-21.963903427124023,-47.485626220703125,659.7999877929688,39.0880012512207,0,204527,18,652937
JUPITER,0,-2.7831943035125732,-251.64122009277344,-24.7656307220459,0.96063232421875,-1.21337890625,0.4266357421875,87284.296875,31.639999389648438,0,-21.963903427124023,-47.485626220703125,659.7999877929688,39.0880012512207,0,204527,180224,652937
JUPITER,0,6.028756141662598,-251.64122009277344,-27.1002254486084,0.64642333984375,-1.18408203125,0.472900390625,87240.0,31.639999389648438,0,-21.963903427124023,-47.485626220703125,659.7999877929688,39.0880012512207,0,204527,180224,652937
JUPITER,0,7.699593544006348,-251.64122009277344,-28.06915855407715,0.73980712890625,-1.02392578125,-0.528564453125,87202.03125,31.6299991607666,0,-21.963903427124023,-47.485626220703125,659.7999877929688,39.0880012512207,0,204528,180224,652937
JUPITER,0,4.205330848693848,-251.64122009277344,-27.00104331970215,0.57965087890625,-1.168701171875,0.158447265625,87164.765625,31.649999618530273,0,-21.963903427124023,-47.485626220703125,659.7999877929688,39.0880012512207,0,204528,180224,652937
JUPITER,0,11.758431434631348,-251.64122009277344,-26.6577205657959,0.47344970703125,-1.1207275390625,-0.499755859375,87154.921875,31.65999984741211,0,-21.963903427124023,-47.485626220703125,659.7999877929688,39.0880012512207,0,204528,180224,652937
JUPITER,0,36.30982208251953,-251.64122009277344,9.543756484985352,-0.34466552734375,-1.1575927734375,-1.947265625,87473.546875,31.399999618530273,0,-21.963903427124023,-47.485626220703125,659.7999877929688,39.0880012512207,0,204528,180224,652937
JUPITER,0,36.98883819580078,-221.4364471435547,12.038568496704102,-0.11956787109375,-1.1597900390625,-1.947509765625,87483.390625,31.40999984741211,0,-21.963903427124023,-47.485626220703125,659.7999877929688,39.0880012512207,0,204528,180224,652937
JUPITER,0,37.82807159423828,-160.4165496826172,13.610223770141602,-0.13421630859375,-1.2176513671875,-1.47607421875,87467.21875,31.399999618530273,0,-21.963903427124023,-47.485626220703125,659.7999877929688,39.0880012512207,0,204528,180224,652937
JUPITER,0,36.04279327392578,184.62281799316406,34.72075653076172,-0.15557861328125,-1.2132568359375,-1.3482666015625,87713.6015625,33.52000045776367,0,-21.963903427124023,-47.485626220703125,659.7999877929688,39.0880012512207,0,204528,180224,653191
JUPITER,0,13.192757606506348,-251.64122009277344,-50.92682647705078,0.69525146484375,-1.0316162109375,-0.8187255859375,86334.625,31.6200008392334,0,-21.963903427124023,-47.485626220703125,659.7999877929688,39.0880012512207,0,204528,180224,653191
JUPITER,0,2.7938930988311768,-251.64122009277344,-51.47614288330078,0.84381103515625,-1.1829833984375,0.30908203125,86271.328125,31.6299991607666,0,-21.963903427124023,-47.485626220703125,659.7999877929688,39.0880012512207,0,204528,180224,653191
JUPITER,0,7.035836219787598,-251.64122009277344,-40.79499053955078,0.17913818359375,-1.096435546875,-1.294189453125,86538.390625,31.649999618530273,0,-21.963903427124023,-47.485626220703125,659.7999877929688,39.0880012512207,0,204528,180224,653191
JUPITER,0,0.9475796222686768,-251.64122009277344,-23.7738094329834,0.04632568359375,-1.04833984375,-1.8189697265625,86792.28125,31.579999923706055,0,-21.963903427124023,-47.485626220703125,659.7999877929688,39.0880012512207,0,204528,180224,653191
JUPITER,0,-7.971182823181152,-251.64122009277344,0.6021057367324829,-1.15142822265625,-1.052978515625,-2.05078125,86651.359375,31.3700008392334,0,-21.963903427124023,-47.485626220703125,659.7999877929688,39.0880012512207,0,204529,180224,653191
JUPITER,0,-1.7684848308563232,248.3511505126953,31.71477699279785,-1.01934814453125,-1.30126953125,-2.3568115234375,86490.25,31.1200008392334,0,-21.963903427124023,-47.485626220703125,659.7999877929688,39.0880012512207,0,204529,180224,653191
JUPITER,0,-36.03972625732422,248.3511505126953,51.81822967529297,-0.62213134765625,-0.985595703125,-2.8914794921875,86859.15625,33.439998626708984,0,-21.963903427124023,-47.485626220703125,659.7999877929688,39.0880012512207,0,204529,180224,653425
JUPITER,0,19.136056900024414,248.3511505126953,-36.58356475830078,1.9739990234375,-1.1336669921875,-1.3839111328125,85798.265625,31.8799991607666,0,-21.963903427124023,-47.485626220703125,659.7999877929688,39.0880012512207,0,204529,180224,653425
JUPITER,0,24.110422134399414,248.3511505126953,-40.71869659423828,1.9739990234375,-1.3160400390625,0.930419921875,85780.0390625,31.8700008392334,0,-21.963903427124023,-47.485626220703125,659.7999877929688,39.0880012512207,0,204529,180224,653425
JUPITER,0,97.70355987548828,146.0257110595703,-38.17810821533203,1.9739990234375,-1.2589111328125,-0.17578125,85063.578125,31.90999984741211,0,-21.963903427124023,-47.485626220703125,659.7999877929688,39.0880012512207,0,204529,180224,653425
JUPITER,0,66.11786651611328,-251.64122009277344,-117.53144073486328,1.9739990234375,-1.0911865234375,-2.9730224609375,85021.1484375,31.969999313354492,0,-21.963903427124023,-47.485626220703125,659.7999877929688,39.0880012512207,0,204529,180224,653425
JUPITER,0,-95.27434539794922,-251.64122009277344,-98.93860626220703,1.9739990234375,-1.772216796875,-2.9730224609375,85824.0,33.369998931884766,0,-21.963903427124023,-47.485626220703125,659.7999877929688,39.0880012512207,0,204529,180224,653730
JUPITER,0,-134.3368377685547,125.72389221191406,-90.55390167236328,-1.05145263671875,-1.641845703125,-0.9891357421875,85521.046875,31.3700008392334,0,-21.963903427124023,-47.485626220703125,659.7999877929688,39.0880012512207,0,204529,180224,653730
JUPITER,0,-122.02300262451172,157.8665313720703,-103.01270294189453,0.14935302734375,-1.789794921875,-0.351318359375,85508.4296875,31.360000610351562,0,-21.963903427124023,-47.485626220703125,659.7999877929688,39.0880012512207,0,204529,180224,653730
JUPITER,0,-121.29058074951172,224.35670471191406,-82.87873077392578,-1.17645263671875,-1.6217041015625,-0.5377197265625,85499.9375,31.3799991607666,0,-21.963903427124023,-47.485626220703125,659.7999877929688,39.0880012512207,0,204530,180224,653730
JUPITER,0,-100.61492156982422,217.10877990722656,-75.93598175048828,0.20318603515625,-1.4144287109375,-1.3106689453125,85543.515625,31.3700008392334,0,-21.963903427124023,-47.485626220703125,659.7999877929688,39.0880012512207,0,204530,180224,653730
JUPITER,0,72.43500518798828,248.3511505126953,1.670220971107483,-0.43280029296875,-0.9678955078125,-0.9600830078125,85946.3125,33.25,0,-21.963903427124023,-47.485626220703125,659.7999877929688,39.0880012512207,0,204530,180224,653970
JUPITER,0,179.80348205566406,248.3511505126953,91.02568817138672,1.47918701171875,-2.2845458984375,-2.9730224609375,84649.953125,31.280000686645508,0,-21.963903427124023,-47.485626220703125,659.7999877929688,39.0880012512207,0,204530,180224,653970
JUPITER,0,186.56312561035156,189.8947296142578,93.86382293701172,1.9739990234375,-2.245361328125,-2.9730224609375,84426.515625,31.18000030517578,0,-21.963903427124023,-47.485626220703125,659.7999877929688,39.0880012512207,0,204530,180224,653970
JUPITER,0,172.0443878173828,248.3511505126953,64.46013641357422,1.59552001953125,-2.3197021484375,-2.9730224609375,84491.9765625,31.149999618530273,0,-21.963903427124023,-47.485626220703125,659.7999877929688,39.0880012512207,0,204530,180224,653970
JUPITER,0,171.3882598876953,233.7942657470703,85.94451141357422,1.9739990234375,-2.314453125,-2.9730224609375,84424.0625,31.25,0,-21.963903427124023,-47.485626220703125,659.7999877929688,39.0880012512207,0,204530,180224,653970
JUPITER,0,167.68800354003906,248.3511505126953,101.11174774169922,1.71295166015625,-2.132080078125,-1.923828125,84271.421875,31.18000030517578,0,-21.963903427124023,-47.485626220703125,659.7999877929688,39.0880012512207,0,204531,180224,653970
JUPITER,0,78.63007354736328,248.3511505126953,101.47795867919922,1.9739990234375,-1.244140625,-2.9730224609375,84530.1796875,31.639999389648438,0,-21.963903427124023,-47.485626220703125,659.7999877929688,39.0880012512207,0,204531,180224,653970
JUPITER,0,-40.53343963623047,94.86299133300781,69.90752410888672,1.9739990234375,-1.0362548828125,-2.12939453125,84690.8125,33.18000030517578,0,-21.963903427124023,-47.485626220703125,659.7999877929688,39.0880012512207,0,204531,180224,654197
JUPITER,0,-147.61961364746094,70.41078186035156,-85.14466094970703,0.21234130859375,-2.195556640625,-1.9395751953125,84872.984375,31.639999389648438,0,-21.963903427124023,-47.485626220703125,659.7999877929688,39.0880012512207,0,204531,180224,654197
JUPITER,0,-151.54112243652344,124.28956604003906,-88.73047637939453,0.05963134765625,-2.157958984375,-2.6983642578125,84882.09375,31.649999618530273,0,-21.963903427124023,-47.485626220703125,659.7999877929688,39.0880012512207,0,204531,180224,654197
JUPITER,0,-142.38584899902344,85.28810119628906,-89.59259796142578,0.02276611328125,-2.12353515625,-2.174560546875,84808.1640625,31.68000030517578,0,-21.963903427124023,-47.485626220703125,659.7999877929688,39.0880012512207,0,204531,180224,654197
JUPITER,0,-121.06932830810547,204.6652374267578,-107.41486358642578,-0.28131103515625,-1.888671875,-0.2503662109375,85053.171875,31.399999618530273,0,-21.963903427124023,-47.485626220703125,659.7999877929688,39.0880012512207,0,204531,180224,654197
JUPITER,0,-114.53856658935547,200.09523010253906,-113.89984893798828,0.02313232421875,-1.9144287109375,-0.427978515625,85003.1953125,31.420000076293945,0,-21.963903427124023,-47.485626220703125,659.7999877929688,39.0880012512207,0,204531,180224,654197
JUPITER,0,-71.73003387451172,209.0139923095703,-128.70849609375,0.39300537109375,-1.6400146484375,-0.700927734375,85338.703125,33.18000030517578,0,-21.963903427124023,-47.485626220703125,659.7999877929688,39.0880012512207,0,204532,180224,654431
JUPITER,0,-14.479056358337402,38.97767639160156,-138.10028076171875,-0.08428955078125,-1.6446533203125,-0.9598388671875,84833.0,31.31999969482422,0,-21.963903427124023,-47.485626220703125,659.7999877929688,39.0880012512207,0,204532,180224,654431
JUPITER,0,-11.274710655212402,34.03382873535156,-138.48175048828125,-0.14666748046875,-1.634033203125,-0.9608154296875,84792.234375,31.329999923706055,0,-21.963903427124023,-47.485626220703125,659.7999877929688,39.0880012512207,0,204532,180224,654431
JUPITER,0,-11.778250694274902,39.24470520019531,-139.755859375,-0.16314697265625,-1.6851806640625,-0.980712890625,84786.6171875,31.329999923706055,0,-21.963903427124023,-47.485626220703125,659.7999877929688,39.0880012512207,0,204532,180224,654431
JUPITER,0,-16.867055892944336,32.04255676269531,-140.77056884765625,-0.20428466796875,-1.6268310546875,-1.1134033203125,84769.65625,31.360000610351562,0,-21.963903427124023,-47.485626220703125,659.7999877929688,39.0880012512207,0,204532,180224,654431
JUPITER,0,-11.373892784118652,13.915114402770996,-141.2664794921875,-0.97991943359375,-1.6470947265625,-1.5567626953125,84418.8046875,31.309999465942383,0,-21.963903427124023,-47.485626220703125,659.7999877929688,39.0880012512207,0,204532,180224,654431
JUPITER,0,-32.78960418701172,-5.997605800628662,-116.38703155517578,-1.47747802734375,-1.4490966796875,-1.0196533203125,84416.625,33.11000061035156,0,-21.963903427124023,-47.485626220703125,659.7999877929688,39.0880012512207,0,204532,180224,654678
JUPITER,0,-89.10979461669922,-16.21336555480957,-26.3067684173584,-0.84722900390625,-1.329833984375,-1.367919921875,84703.1171875,31.170000076293945,0,-21.963903427124023,-47.485626220703125,659.7999877929688,39.0880012512207,0,204532,180224,654678
JUPITER,0,-86.05803680419922,-22.62205696105957,-24.1247615814209,-0.83856201171875,-1.32958984375,-1.13330078125,84697.5,31.170000076293945,0,-21.963903427124023,-47.485626220703125,659.7999877929688,39.0880012512207,0,204532,180224,654678
JUPITER,0,-90.55175018310547,-20.95121955871582,-23.6975154876709,-0.77740478515625,-1.3372802734375,-1.2626953125,84727.625,31.190000534057617,0,-21.963903427124023,-47.485626220703125,659.7999877929688,39.0880012512207,0,204533,180224,654678
JUPITER,0,-88.65203094482422,-28.42039680480957,-22.2631893157959,-0.78021240234375,-1.3165283203125,-1.4237060546875,84700.234375,31.190000534057617,0,-21.963903427124023,-47.485626220703125,659.7999877929688,39.0880012512207,0,204533,180224,654678
JUPITER,0,-91.84111785888672,-27.03184700012207,-21.6680965423584,-0.91595458984375,-1.323974609375,-1.1339111328125,84711.453125,31.190000534057617,0,-21.963903427124023,-47.485626220703125,659.7999877929688,39.0880012512207,0,204533,180224,654678
JUPITER,0,-93.61113739013672,-40.89445495605469,-10.719915390014648,-0.72955322265625,-1.3353271484375,-1.2734375,84724.7109375,31.209999084472656,0,-21.963903427124023,-47.485626220703125,659.7999877929688,39.0880012512207,0,204533,180224,654678
JUPITER,0,-98.61602020263672,-51.60612487792969,-5.219122409820557,-0.67425537109375,-1.3616943359375,-1.2579345703125,84957.4375,33.09000015258789,0,-21.963903427124023,-47.485626220703125,659.7999877929688,39.0880012512207,0,204533,180224,654897
JUPITER,0,-22.650136947631836,-157.7920379638672,108.18419647216797,-0.23773193359375,-1.473388671875,-0.61181640625,84863.09375,31.190000534057617,0,-21.963903427124023,-47.485626220703125,659.7999877929688,39.0880012512207,0,204533,180224,654897
JUPITER,0,-7.276907920837402,-169.04539489746094,110.55693817138672,-0.19378662109375,-1.460693359375,-0.6187744140625,84859.5,31.209999084472656,0,-21.963903427124023,-47.485626220703125,659.7999877929688,37.209999084472656,0,204533,180224,654897
JUPITER,0,25.193796157836914,-198.2430877685547,112.65502166748047,0.02142333984375,-1.499267578125,-0.68798828125,84817.375,31.209999084472656,1,-21.963903427124023,-47.485626220703125,665.0999755859375,37.209999084472656,3,204534,180224,654897
JUPITER,0,46.72394561767578,-209.0615692138672,106.46758270263672,-0.10137939453125,-1.509521484375,-0.652587890625,84939.828125,32.52000045776367,1,-21.963903427124023,-47.485626220703125,665.0999755859375,37.209999084472656,3,204534,180224,655097
JUPITER,0,58.18329620361328,-199.42564392089844,-86.91468048095703,-0.17059326171875,-1.3336181640625,-1.3870849609375,84666.6171875,31.170000076293945,1,-21.963903427124023,-47.485626220703125,665.0999755859375,37.209999084472656,3,204534,180224,655097
JUPITER,0,56.09284210205078,-195.9847869873047,-87.40296173095703,-0.17779541015625,-1.34521484375,-1.3634033203125,84651.921875,31.170000076293945,1,-21.963903427124023,-47.485626220703125,665.0999755859375,37.209999084472656,3,204534,180224,655097
JUPITER,0,29.626474380493164,-171.4181365966797,-92.25525665283203,-0.33782958984375,-1.297607421875,-1.24169921875,84707.390625,31.15999984741211,1,-21.963903427124023,-47.485626220703125,665.0999755859375,37.209999084472656,3,204534,180224,655097
JUPITER,0,27.650461196899414,-171.2655487060547,-91.81275177001953,-0.35430908203125,-1.290283203125,-1.2083740234375,84710.890625,31.170000076293945,1,-21.963903427124023,-47.485626220703125,665.0999755859375,37.209999084472656,3,204534,180224,655097
JUPITER,0,-3.8589389324188232,-149.2776336669922,-88.28797149658203,-0.38714599609375,-1.2525634765625,-1.0753173828125,84955.1328125,32.9900016784668,1,-21.963903427124023,-47.485626220703125,665.0999755859375,37.209999084472656,3,204534,180224,655304
JUPITER,0,-38.15306854248047,-187.63059997558594,21.36931800842285,-0.33135986328125,-1.0775146484375,-0.5445556640625,84893.578125,31.1299991607666,1,-21.963903427124023,-47.485626220703125,665.0999755859375,37.209999084472656,3,204534,180224,655304
JUPITER,0,-36.78740692138672,-187.9128875732422,23.45977210998535,-0.29693603515625,-1.0867919921875,-0.5528564453125,84886.484375,31.139999389648438,1,-21.963903427124023,-47.485626220703125,665.0999755859375,37.209999084472656,3,204534,180224,655304
JUPITER,0,-35.65825653076172,-190.14830017089844,24.61944007873535,-0.21795654296875,-1.094970703125,-0.5595703125,84890.6640625,31.149999618530273,0,-21.963903427124023,-47.485626220703125,665.0999755859375,37.209999084472656,3,204535,180224,655304
JUPITER,0,-33.40758514404297,-189.81260681152344,24.7491397857666,-0.06866455078125,-1.08642578125,-0.4234619140625,84891.34375,31.149999618530273,0,-21.963903427124023,-47.485626220703125,665.0999755859375,37.209999084472656,3,204535,180224,655304
JUPITER,0,1.4816372394561768,-221.4822235107422,36.57469940185547,0.06573486328125,-1.057861328125,-0.4827880859375,84857.65625,31.149999618530273,0,-21.963903427124023,-47.485626220703125,665.0999755859375,37.209999084472656,3,204535,180224,655304
JUPITER,0,3.5644619464874268,-222.95469665527344,36.29241180419922,0.10821533203125,-1.0556640625,-0.4708251953125,84846.421875,31.149999618530273,0,-21.963903427124023,-47.485626220703125,665.0999755859375,37.209999084472656,3,204535,180224,655304
JUPITER,0,5.921944618225098,-225.44187927246094,35.33110809326172,0.15313720703125,-1.064208984375,-0.48291015625,84835.1875,31.149999618530273,0,-21.963903427124023,-47.485626220703125,665.0999755859375,37.209999084472656,3,204535,180224,655304
JUPITER,0,7.371529579162598,-226.58628845214844,34.85808563232422,0.18255615234375,-1.05078125,-0.5406494140625,85086.6171875,33.02000045776367,0,-21.963903427124023,-47.485626220703125,665.0999755859375,37.209999084472656,3,204535,180224,655509
JUPITER,0,5.525216102600098,-251.64122009277344,-55.44342803955078,0.32720947265625,-1.0750732421875,-0.9986572265625,84820.390625,31.170000076293945,0,-21.963903427124023,-47.485626220703125,665.0999755859375,37.209999084472656,3,204535,180224,655509
JUPITER,0,3.8848965167999268,-251.64122009277344,-55.96985626220703,0.24957275390625,-1.0797119140625,-0.996337890625,84810.5,31.18000030517578,0,-21.963903427124023,-47.485626220703125,665.0999755859375,37.209999084472656,3,204535,180224,655509
JUPITER,0,-4.293814659118652,-251.64122009277344,-57.31262969970703,0.28741455078125,-1.0789794921875,-1.15576171875,84795.703125,31.190000534057617,0,-21.963903427124023,-47.485626220703125,665.0999755859375,37.209999084472656,4,204536,180224,655509
JUPITER,0,-7.032767295837402,-251.64122009277344,-57.25159454345703,0.21148681640625,-1.0946044921875,-1.0943603515625,84783.78125,31.190000534057617,0,-21.963903427124023,-47.485626220703125,665.0999755859375,37.209999084472656,4,204536,180224,655509
JUPITER,0,-15.409842491149902,-251.64122009277344,-57.51099395751953,0.30987548828125,-1.09765625,-1.1221923828125,84771.109375,31.200000762939453,0,-21.963903427124023,-47.485626220703125,665.0999755859375,37.209999084472656,4,204536,180224,655509
JUPITER,0,-33.34654998779297,-242.2799530029297,-53.96332550048828,0.15472412109375,-1.1304931640625,-1.251953125,84747.171875,31.209999084472656,0,-21.963903427124023,-47.485626220703125,665.0999755859375,37.209999084472656,4,204536,180224,655509
JUPITER,0,-52.55736541748047,-209.1836395263672,-39.66584014892578,-0.09185791015625,-1.1495361328125,-1.360107421875,84995.015625,33.029998779296875,0,-21.963903427124023,-47.485626220703125,665.0999755859375,37.209999084472656,4,204536,180224,655747
JUPITER,0,-127.37120819091797,126.16639709472656,-1.770635962486267,-0.40679931640625,-1.623291015625,-1.52734375,84811.1875,31.18000030517578,0,-21.963903427124023,-47.485626220703125,665.0999755859375,37.209999084472656,4,204536,180224,655747
JUPITER,0,-128.63768005371094,132.66664123535156,-3.6169495582580566,-0.01812744140625,-1.6134033203125,-1.6346435546875,84786.59375,31.190000534057617,0,-21.963903427124023,-47.485626220703125,665.0999755859375,37.209999084472656,4,204536,180224,655747
JUPITER,0,-127.36357879638672,248.3511505126953,-47.69196319580078,0.00823974609375,-1.727783203125,-1.43212890625,84856.796875,31.190000534057617,0,-21.963903427124023,-47.485626220703125,665.0999755859375,37.209999084472656,4,204536,180224,655747
JUPITER,0,-127.32543182373047,248.3511505126953,-51.38459014892578,-0.07867431640625,-1.7332763671875,-1.3958740234375,84849.734375,31.200000762939453,0,-21.963903427124023,-47.485626220703125,665.0999755859375,37.209999084472656,4,204536,180224,655747
JUPITER,0,-94.54192352294922,248.3511505126953,-98.34351348876953,0.11676025390625,-1.7130126953125,-1.1966552734375,85138.84375,32.9900016784668,0,-21.963903427124023,-47.485626220703125,665.0999755859375,37.209999084472656,4,204536,180224,655959
JUPITER,0,116.75415802001953,164.28285217285156,2.6467833518981934,-0.02886962890625,-1.4659423828125,-0.8006591796875,85040.265625,31.1299991607666,0,-21.963903427124023,-47.485626220703125,665.0999755859375,37.209999084472656,4,204536,180224,655959
JUPITER,0,118.34870147705078,161.2845001220703,5.324700832366943,0.01202392578125,-1.4517822265625,-0.967041015625,85044.515625,31.1200008392334,0,-21.963903427124023,-47.485626220703125,665.0999755859375,37.209999084472656,3,204537,180224,655959
JUPITER,0,118.08167266845703,158.48451232910156,8.445123672485352,-0.03289794921875,-1.4490966796875,-0.964599609375,85040.921875,31.139999389648438,0,-21.963903427124023,-47.485626220703125,665.0999755859375,37.209999084472656,3,204537,180224,655959
JUPITER,0,117.31110382080078,157.4698028564453,11.168817520141602,0.00811767578125,-1.4508056640625,-0.9002685546875,85047.2265625,31.139999389648438,0,-21.963903427124023,-47.485626220703125,665.0999755859375,37.209999084472656,3,204537,180224,655959
JUPITER,0,112.68006134033203,124.68629455566406,33.86626434326172,-0.05426025390625,-1.447998046875,-0.8697509765625,85068.34375,31.1299991607666,0,-21.963903427124023,-47.485626220703125,665.0999755859375,37.209999084472656,3,204537,180224,655959
JUPITER,0,112.68769073486328,121.28358459472656,35.89568328857422,-0.02899169921875,-1.445068359375,-0.8795166015625,85070.375,31.149999618530273,0,-21.963903427124023,-47.485626220703125,665.0999755859375,37.209999084472656,3,204537,180224,655959
JUPITER,0,107.34711456298828,94.50440979003906,61.17949676513672,-0.04046630859375,-1.4798583984375,-0.930419921875,85300.328125,32.939998626708984,0,-21.963903427124023,-47.485626220703125,665.0999755859375,37.209999084472656,3,204537,180224,656183
JUPITER,0,67.98706817626953,41.29701232910156,76.10259246826172,0.98992919921875,-1.3525390625,-1.1986083984375,84761.6875,31.110000610351562,0,-21.963903427124023,-47.485626220703125,665.0999755859375,37.209999084472656,3,204537,180224,656183
JUPITER,0,66.23230743408203,25.09980583190918,65.30699920654297,1.10894775390625,-1.2828369140625,-1.5887451171875,84798.0,31.149999618530273,0,-21.963903427124023,-47.485626220703125,665.0999755859375,37.209999084472656,3,204537,180224,656183
JUPITER,0,72.38159942626953,42.36512756347656,65.61980438232422,0.94879150390625,-1.2548828125,-0.366943359375,84803.546875,31.170000076293945,0,-21.963903427124023,-47.485626220703125,665.0999755859375,37.209999084472656,4,204538,180224,656183
JUPITER,0,60.39582061767578,39.25233459472656,61.59148406982422,1.06903076171875,-1.279541015625,-1.1163330078125,84856.109375,31.18000030517578,0,-21.963903427124023,-47.485626220703125,665.0999755859375,37.209999084472656,4,204538,180224,656183
JUPITER,0,67.12494659423828,20.60609245300293,64.02526092529297,1.16314697265625,-1.2523193359375,-1.2943115234375,84777.40625,31.200000762939453,0,-21.963903427124023,-47.485626220703125,665.0999755859375,37.209999084472656,4,204538,180224,656183
JUPITER,0,62.00562286376953,31.21095085144043,58.89067840576172,1.16009521484375,-1.2967529296875,-1.0037841796875,84799.265625,31.18000030517578,0,-21.963903427124023,-47.485626220703125,665.0999755859375,37.209999084472656,4,204538,180224,656183
JUPITER,0,59.67102813720703,28.73139762878418,51.99370574951172,1.12493896484375,-1.196044921875,-1.4168701171875,84953.6328125,31.200000762939453,0,-21.963903427124023,-47.485626220703125,665.0999755859375,37.209999084472656,4,204538,180224,656183
JUPITER,0,57.61109161376953,11.359267234802246,39.22972869873047,1.24908447265625,-1.146484375,-1.6014404296875,85035.140625,31.18000030517578,0,-21.963903427124023,-47.485626220703125,665.0999755859375,37.209999084472656,4,204538,180224,656183
JUPITER,0,57.89337921142578,-9.774155616760254,25.39763832092285,1.16766357421875,-1.123291015625,-1.178955078125,85304.109375,32.880001068115234,0,-21.963903427124023,-47.485626220703125,665.0999755859375,37.209999084472656,4,204538,180224,656440
JUPITER,0,43.51959991455078,-16.15233039855957,-78.32398223876953,0.93206787109375,-1.2786865234375,-1.4444580078125,85240.140625,31.18000030517578,0,-21.963903427124023,-47.485626220703125,665.0999755859375,37.209999084472656,4,204538,180224,656440
JUPITER,0,34.90601348876953,14.433913230895996,-89.29505157470703,0.81146240234375,-1.32763671875,-1.511474609375,85184.6640625,31.18000030517578,0,-21.963903427124023,-47.485626220703125,665.0999755859375,37.209999084472656,4,204538,180224,656440
JUPITER,0,38.71308135986328,10.817580223083496,-87.63947296142578,0.61517333984375,-1.2779541015625,-1.614990234375,85167.75,31.200000762939453,0,-21.963903427124023,-47.485626220703125,665.0999755859375,37.209999084472656,4,204538,180224,656440
JUPITER,0,37.40845489501953,15.013747215270996,-88.50159454345703,0.68255615234375,-1.3258056640625,-1.7220458984375,85193.7734375,31.190000534057617,0,-21.963903427124023,-47.485626220703125,665.0999755859375,37.209999084472656,4,204538,180224,656440
JUPITER,0,35.21881866455078,25.42024040222168,-89.75281524658203,0.58880615234375,-1.3065185546875,-1.9483642578125,85179.640625,31.209999084472656,0,-21.963903427124023,-47.485626220703125,665.0999755859375,37.209999084472656,4,204539,180224,656440
JUPITER,0,35.72998809814453,48.91114807128906,-92.97241973876953,0.30072021484375,-1.361572265625,-0.926025390625,85155.734375,31.219999313354492,0,-21.963903427124023,-47.485626220703125,665.0999755859375,37.209999084472656,4,204539,180224,656440
JUPITER,0,38.58338165283203,53.36671447753906,-89.51630401611328,0.93670654296875,-1.2982177734375,-1.518798828125,85337.796875,32.900001525878906,0,-21.963903427124023,-47.485626220703125,665.0999755859375,37.209999084472656,4,204539,180224,656679
JUPITER,0,85.87799835205078,39.15315246582031,-52.69684600830078,0.24761962890625,-1.32373046875,-1.0037841796875,85468.3984375,31.15999984741211,0,-21.963903427124023,-47.485626220703125,665.0999755859375,37.209999084472656,4,204539,180224,656679
JUPITER,0,105.58472442626953,29.16627311706543,-39.52851104736328,0.40191650390625,-1.2835693359375,-1.530517578125,85501.4140625,31.15999984741211,0,-21.963903427124023,-47.485626220703125,665.0999755859375,37.209999084472656,4,204539,180224,656679
JUPITER,0,85.90851593017578,72.66145324707031,-40.74921417236328,0.26837158203125,-1.371337890625,-0.774658203125,85519.6953125,31.149999618530273,0,-21.963903427124023,-47.485626220703125,665.0999755859375,37.209999084472656,4,204539,180224,656679
JUPITER,0,93.38532257080078,71.57044982910156,-16.71661949157715,0.59613037109375,-1.24462890625,-1.6920166015625,85744.2578125,32.849998474121094,0,-21.963903427124023,-47.485626220703125,665.0999755859375,37.209999084472656,4,204539,180224,656933
JUPITER,0,77.18048858642578,51.95527648925781,5.553582668304443,1.70635986328125,-1.3668212890625,-2.9730224609375,85486.21875,31.09000015258789,0,-21.963903427124023,-47.485626220703125,665.0999755859375,37.209999084472656,4,204539,180224,656933
JUPITER,0,65.93476104736328,24.92432975769043,8.300165176391602,0.94476318359375,-1.1357421875,-0.181640625,85443.8125,31.170000076293945,0,-21.963903427124023,-47.485626220703125,665.0999755859375,37.209999084472656,4,204539,180224,656933
JUPITER,0,99.00818634033203,17.85951042175293,9.475091934204102,1.35540771484375,-1.2410888671875,-1.6065673828125,85431.203125,31.15999984741211,0,-21.963903427124023,-47.485626220703125,665.0999755859375,37.209999084472656,5,204540,180224,656933
JUPITER,0,96.58966827392578,-14.977402687072754,-0.2066100835800171,1.34710693359375,-1.01708984375,-0.7274169921875,85638.90625,31.200000762939453,0,-21.963903427124023,-47.485626220703125,665.0999755859375,37.209999084472656,5,204540,180224,656933
JUPITER,0,75.43335723876953,19.94233512878418,-6.775518894195557,1.37152099609375,-1.4259033203125,-2.4962158203125,85487.2890625,31.18000030517578,0,-21.963903427124023,-47.485626220703125,665.0999755859375,37.209999084472656,5,204540,180224,656933
JUPITER,0,54.91028594970703,-25.33812141418457,-14.870306015014648,1.62200927734375,-1.3060302734375,-2.595703125,85603.953125,31.149999618530273,0,-21.963903427124023,-47.485626220703125,665.0999755859375,37.209999084472656,5,204540,180224,656933
JUPITER,0,100.48828887939453,-55.46659851074219,-18.1585750579834,1.34088134765625,-1.2371826171875,-1.312744140625,85607.453125,31.149999618530273,0,-21.963903427124023,-47.485626220703125,665.0999755859375,37.209999084472656,5,204540,180224,656933
JUPITER,0,72.58759307861328,-97.46641540527344,-39.56665802001953,1.38616943359375,-1.22021484375,-2.073974609375,85650.1015625,32.790000915527344,0,-21.963903427124023,-47.485626220703125,665.0999755859375,37.209999084472656,5,204540,180224,657187
JUPITER,0,48.60840606689453,96.81611633300781,-41.48926544189453,0.60418701171875,-1.2103271484375,-0.8983154296875,85743.203125,31.079999923706055,0,-21.963903427124023,-47.485626220703125,665.0999755859375,37.209999084472656,5,204540,180224,657187
JUPITER,0,19.685373306274414,125.78492736816406,-41.80970001220703,0.61712646484375,-1.134033203125,-1.5889892578125,85821.28125,31.030000686645508,0,-21.963903427124023,-47.485626220703125,665.0999755859375,99.42900085449219,5,204540,180224,657187
JUPITER,0,44.00788116455078,112.25801086425781,-37.29309844970703,0.75848388671875,-1.091552734375,-0.2010498046875,85751.078125,31.030000686645508,1,-21.963903427124023,-47.485626220703125,667.2000122070312,99.42900085449219,5,204541,180224,657187
JUPITER,0,61.60126495361328,108.93922424316406,-44.89197540283203,0.52178955078125,-1.0570068359375,-1.3187255859375,85761.4765625,31.06999969482422,1,-21.963903427124023,-47.485626220703125,667.2000122070312,99.42900085449219,5,204541,180224,657187
JUPITER,0,50.72174835205078,106.90217590332031,-34.59992218017578,0.67620849609375,-1.1712646484375,-1.51953125,85705.390625,31.049999237060547,1,-21.963903427124023,-47.485626220703125,667.2000122070312,99.42900085449219,5,204541,180224,657187
JUPITER,0,75.89112091064453,68.55683898925781,-28.72528648376465,0.63519287109375,-1.1622314453125,-1.176513671875,85971.59375,32.650001525878906,1,-21.963903427124023,-47.485626220703125,667.2000122070312,99.42900085449219,5,204541,180224,657394
JUPITER,0,69.95545196533203,141.33363342285156,-3.6932435035705566,0.79119873046875,-1.1976318359375,-1.9405517578125,85998.21875,31.030000686645508,1,-21.963903427124023,-47.485626220703125,667.2000122070312,99.42900085449219,5,204541,180224,657394
JUPITER,0,68.27698516845703,77.70448303222656,20.51482582092285,0.38629150390625,-1.1005859375,-2.194091796875,85934.359375,31.020000457763672,1,-21.963903427124023,-47.485626220703125,667.2000122070312,99.42900085449219,5,204541,180224,657394
JUPITER,0,78.63770294189453,120.73426818847656,14.640192031860352,0.88677978515625,-1.058349609375,-0.5206298828125,85893.7265625,30.989999771118164,1,-21.963903427124023,-47.485626220703125,667.2000122070312,99.42900085449219,5,204541,180224,657394
JUPITER,0,52.84272003173828,129.18763732910156,13.358453750610352,1.40740966796875,-1.391845703125,-1.78369140625,86109.28125,32.5099983215332,1,-21.963903427124023,-47.485626220703125,667.2000122070312,99.42900085449219,5,204541,180224,657595
JUPITER,0,54.55933380126953,-32.92936706542969,-60.46356964111328,0.53485107421875,-1.0184326171875,-1.219970703125,86051.15625,30.90999984741211,1,-21.963903427124023,-47.485626220703125,667.2000122070312,110.72599792480469,5,204541,180224,657595
JUPITER,0,28.939828872680664,-14.580674171447754,-49.47724151611328,0.65899658203125,-1.21875,-2.825439453125,86047.03125,30.8799991607666,1,-21.963903427124023,-47.485626220703125,667.0999755859375,110.72599792480469,7,204542,180224,657595
JUPITER,0,41.29181671142578,-1.8090680837631226,-35.57648468017578,0.55047607421875,-1.1434326171875,-2.69677734375,86390.3203125,30.860000610351562,1,-21.963903427124023,-47.485626220703125,667.0999755859375,110.72599792480469,7,204542,180224,657595
JUPITER,0,15.687569618225098,31.08888053894043,-31.10565757751465,0.28302001953125,-1.0550537109375,-1.656005859375,86461.890625,30.889999389648438,1,-21.96318817138672,-47.48330307006836,667.0999755859375,110.72599792480469,7,204542,180224,657595
JUPITER,0,15.344246864318848,95.18342590332031,-28.9312801361084,0.45916748046875,-0.95263671875,-1.638427734375,86542.25,32.459999084472656,1,-21.96318817138672,-47.48330307006836,667.0999755859375,110.72599792480469,7,204542,180224,657857
JUPITER,0,37.43897247314453,32.17988586425781,-16.5869197845459,0.74908447265625,-1.15771484375,-2.9730224609375,86686.0859375,30.739999771118164,1,-21.96318817138672,-47.48330307006836,667.0999755859375,110.72599792480469,7,204542,180224,657857
JUPITER,0,70.53528594970703,-10.796494483947754,-13.497014999389648,0.21905517578125,-0.7275390625,-0.1763916015625,86745.5546875,30.8700008392334,1,-21.96318817138672,-47.48330307006836,667.0999755859375,106.55400085449219,7,204542,180224,657857
JUPITER,0,71.98487091064453,55.03755187988281,-19.44794273376465,0.62176513671875,-1.1734619140625,-2.0057373046875,86695.125,30.790000915527344,1,-21.96318817138672,-47.48330307006836,666.7000122070312,106.55400085449219,6,204543,180224,657857
JUPITER,0,39.93378448486328,7.216505527496338,-8.339544296264648,0.54791259765625,-0.903564453125,-2.9722900390625,86728.8203125,30.790000915527344,1,-21.96318817138672,-47.48330307006836,666.7000122070312,106.55400085449219,6,204543,180224,657857
JUPITER,0,81.75049591064453,75.27070617675781,-8.766790390014648,0.46807861328125,-0.673095703125,-1.3638916015625,86763.1484375,30.860000610351562,1,-21.96318817138672,-47.48330307006836,666.7000122070312,106.55400085449219,6,204543,180224,657857
JUPITER,0,67.75818634033203,71.92140197753906,6.560662746429443,0.69158935546875,-1.140625,-1.6832275390625,86805.6484375,32.369998931884766,1,-21.96318817138672,-47.48330307006836,666.7000122070312,106.55400085449219,6,204543,180224,658093
JUPITER,0,52.78168487548828,-66.54447937011719,-13.802190780639648,1.71185302734375,-0.907470703125,-0.500244140625,86600.453125,30.729999542236328,1,-21.96318817138672,-47.48330307006836,666.7000122070312,106.55400085449219,6,204543,180224,658093
JUPITER,0,70.97779083251953,-62.36357116699219,-24.91058921813965,1.17279052734375,-1.0906982421875,-1.483154296875,86523.296875,30.700000762939453,1,-21.96318817138672,-47.48330307006836,666.7000122070312,106.55400085449219,6,204543,180224,658093
JUPITER,0,55.53589630126953,-61.02842712402344,-27.7563533782959,1.36920166015625,-1.2706298828125,-2.28466796875,86654.6015625,30.68000030517578,1,-21.962949752807617,-47.48320770263672,666.7000122070312,106.55400085449219,6,204543,180224,658093
JUPITER,0,58.56476593017578,-46.34947204589844,-27.2985897064209,0.76959228515625,-0.9925537109375,-1.2791748046875,86537.96875,30.75,1,-21.962949752807617,-47.48320770263672,666.7000122070312,106.55400085449219,6,204543,180224,658093
JUPITER,0,100.61035919189453,-67.69651794433594,-27.9394588470459,1.21771240234375,-1.1348876953125,0.2001953125,86726.046875,30.770000457763672,1,-21.962949752807617,-47.48320770263672,666.7000122070312,91.9749984741211,6,204543,180224,658093
JUPITER,0,66.14838409423828,-59.46440124511719,-19.14276695251465,1.21160888671875,-0.973388671875,-2.7421875,86701.6328125,30.670000076293945,1,-21.962949752807617,-47.48320770263672,666.2000122070312,91.9749984741211,5,204544,180224,658093
JUPITER,0,37.84333038330078,-8.141465187072754,-22.9650936126709,0.98480224609375,-1.3988037109375,-2.3402099609375,86923.359375,32.2599983215332,1,-21.962949752807617,-47.48320770263672,666.2000122070312,91.9749984741211,5,204544,180224,658335
JUPITER,0,59.57947540283203,-30.47270393371582,-38.92578887939453,0.83331298828125,-1.216064453125,-1.723876953125,86870.96875,30.520000457763672,1,-21.962949752807617,-47.48320770263672,666.2000122070312,91.9749984741211,5,204544,180224,658335
JUPITER,0,56.42853546142578,-154.2214813232422,-43.83911895751953,0.58111572265625,-1.0562744140625,-2.9730224609375,87046.4375,30.510000228881836,1,-21.962949752807617,-47.48320770263672,666.2000122070312,91.9749984741211,5,204544,180224,658335
JUPITER,0,95.63599395751953,-126.96928405761719,-49.10340118408203,0.87432861328125,-1.0086669921875,0.808837890625,87118.671875,30.559999465942383,1,-21.962949752807617,-47.48320770263672,666.2000122070312,91.9749984741211,5,204544,180224,658335
JUPITER,0,78.63770294189453,-110.97044372558594,-53.36823272705078,1.02008056640625,-1.2855224609375,-1.7359619140625,87289.265625,30.5,1,-21.962949752807617,-47.48320770263672,666.2000122070312,91.9749984741211,5,204544,180224,658335
JUPITER,0,52.48413848876953,-66.94120788574219,-40.25330352783203,-0.37957763671875,-1.115234375,-1.0654296875,87696.890625,32.119998931884766,1,-21.962949752807617,-47.48320770263672,666.2000122070312,91.9749984741211,5,204544,180224,658575
JUPITER,0,30.549631118774414,70.32685852050781,2.1356139183044434,1.56988525390625,-1.150390625,-1.5101318359375,87265.40625,30.40999984741211,1,-21.962949752807617,-47.48320770263672,666.2000122070312,91.9749984741211,5,204544,180224,658575
JUPITER,0,35.41718292236328,53.74818420410156,7.087090969085693,1.53924560546875,-1.0240478515625,-0.9481201171875,87246.4921875,30.43000030517578,1,-21.962949752807617,-47.48320770263672,666.2000122070312,82.75199890136719,5,204544,180224,658575
JUPITER,0,29.924020767211914,-58.15977478027344,5.400994777679443,1.53375244140625,-1.0325927734375,-1.333251953125,87264.7109375,30.440000534057617,1,-21.962949752807617,-47.48320770263672,663.9000244140625,82.75199890136719,5,204545,180224,658575
JUPITER,0,48.81439971923828,-70.90086364746094,-2.2512879371643066,1.21600341796875,-1.132080078125,-0.09130859375,87231.03125,30.440000534057617,1,-21.962949752807617,-47.48320770263672,663.9000244140625,82.75199890136719,5,204545,180224,658575
JUPITER,0,43.45093536376953,-175.08787536621094,-21.2713680267334,1.30255126953125,-1.188232421875,-1.4814453125,87278.703125,30.559999465942383,1,-21.962949752807617,-47.48320770263672,663.9000244140625,82.75199890136719,5,204545,180224,658575
JUPITER,0,25.086984634399414,-245.38511657714844,-20.16510581970215,1.35113525390625,-0.995849609375,-2.3380126953125,87326.484375,30.399999618530273,1,-21.962949752807617,-47.48320770263672,663.9000244140625,82.75199890136719,5,204545,180224,658575
JUPITER,0,15.351876258850098,-187.79844665527344,-28.29804039001465,0.89971923828125,-0.9549560546875,-1.3026123046875,87529.453125,32.029998779296875,1,-21.962547302246094,-47.48303985595703,663.9000244140625,82.75199890136719,5,204545,180224,658814
JUPITER,0,-34.11711883544922,182.36451721191406,18.3709659576416,1.36297607421875,-1.1292724609375,-1.5054931640625,87737.6875,30.309999465942383,1,-21.962547302246094,-47.48303985595703,663.9000244140625,82.75199890136719,5,204545,180224,658814
JUPITER,0,-40.03752899169922,199.5535430908203,7.727960109710693,0.35040283203125,-1.0928955078125,0.7755126953125,87774.1953125,30.3700008392334,1,-21.962547302246094,-47.48303985595703,663.9000244140625,90.14099884033203,5,204545,180224,658814
JUPITER,0,-32.08007049560547,118.95661926269531,1.288751244544983,1.08270263671875,-1.0478515625,-2.31689453125,87565.765625,30.260000228881836,1,-21.962547302246094,-47.48303985595703,661.5999755859375,90.14099884033203,6,204546,180224,658814
JUPITER,0,-16.287221908569336,51.99342346191406,2.7078185081481934,0.92108154296875,-0.775390625,-0.4537353515625,87646.46875,30.34000015258789,1,-21.962547302246094,-47.48303985595703,661.5999755859375,90.14099884033203,6,204546,180224,658814
JUPITER,0,-27.586355209350586,24.03931999206543,2.2195372581481934,0.74639892578125,-0.653564453125,-1.5452880859375,87649.265625,30.299999237060547,1,-21.962547302246094,-47.48303985595703,661.5999755859375,90.14099884033203,6,204546,180224,658814
JUPITER,0,-13.914481163024902,-159.7756805419922,-3.6856141090393066,0.79766845703125,-0.8409423828125,-0.922119140625,87639.453125,30.350000381469727,1,-21.962547302246094,-47.48303985595703,661.5999755859375,90.14099884033203,6,204546,180224,658814
JUPITER,0,-21.772756576538086,-251.64122009277344,7.827142238616943,0.70123291015625,-0.8887939453125,-1.74560546875,88188.7265625,31.90999984741211,1,-21.962547302246094,-47.48303985595703,661.5999755859375,90.14099884033203,6,204546,180224,659086
JUPITER,0,-82.55614471435547,223.7845001220703,59.06615447998047,0.80389404296875,-1.27197265625,-2.35009765625,87879.3828125,30.200000762939453,1,-21.962547302246094,-47.48303985595703,661.5999755859375,90.14099884033203,6,204546,180224,659086
JUPITER,0,-46.30126190185547,154.27308654785156,72.60070037841797,1.73712158203125,-0.8922119140625,0.041259765625,87810.65625,30.25,1,-21.962547302246094,-47.48303985595703,661.5999755859375,90.14099884033203,6,204546,180224,659086
JUPITER,0,-49.26909637451172,-36.38548278808594,22.2772159576416,1.9739990234375,-1.1287841796875,-0.902587890625,87903.2265625,30.149999618530273,1,-21.962547302246094,-47.48303985595703,661.5999755859375,90.14099884033203,6,204546,180224,659086
JUPITER,0,-58.50066375732422,-47.95927429199219,14.258722305297852,1.29986572265625,-1.0787353515625,-1.8148193359375,87991.640625,30.15999984741211,1,-21.962358474731445,-47.48292922973633,661.5999755859375,90.14099884033203,6,204546,180224,659086
JUPITER,0,-55.57860565185547,-66.55973815917969,12.473443984985352,1.47857666015625,-1.115966796875,-0.3214111328125,87942.515625,30.170000076293945,1,-21.962358474731445,-47.48292922973633,661.5999755859375,90.14099884033203,6,204546,180224,659086
JUPITER,0,-41.05986785888672,-99.27458190917969,12.954095840454102,1.32733154296875,-1.0238037109375,-2.126708984375,87822.546875,30.170000076293945,1,-21.962358474731445,-47.48292922973633,661.5999755859375,100.40899658203125,6,204546,180224,659086
JUPITER,0,-50.60424041748047,-251.64122009277344,19.53826332092285,1.39862060546875,-0.9903564453125,-0.8907470703125,88161.28125,31.84000015258789,1,-21.962358474731445,-47.48292922973633,656.7999877929688,100.40899658203125,6,204547,180224,659353
JUPITER,0,-60.88866424560547,49.45283508300781,63.00292205810547,0.63482666015625,-1.208740234375,-2.7618408203125,88470.234375,30.190000534057617,1,-21.962358474731445,-47.48292922973633,656.7999877929688,100.40899658203125,6,204547,180224,659353
JUPITER,0,-100.67595672607422,136.06935119628906,57.41820526123047,1.27801513671875,-1.1329345703125,-2.9730224609375,88359.3515625,30.200000762939453,1,-21.962358474731445,-47.48292922973633,656.7999877929688,100.40899658203125,6,204547,180224,659353
JUPITER,0,-74.20195770263672,81.77857971191406,50.33812713623047,0.27447509765625,-1.118408203125,-0.662109375,88341.953125,30.290000915527344,1,-21.962358474731445,-47.48292922973633,656.7999877929688,100.40899658203125,6,204547,180224,659353
JUPITER,0,-70.28044891357422,170.2108917236328,43.44115447998047,0.45770263671875,-1.2738037109375,-2.634033203125,88287.1328125,30.239999771118164,1,-21.962358474731445,-47.48292922973633,656.7999877929688,100.40899658203125,6,204547,180224,659353
JUPITER,0,-44.87456512451172,138.1979522705078,31.76055335998535,0.88616943359375,-1.1370849609375,0.787841796875,88161.484375,30.229999542236328,1,-21.962358474731445,-47.48292922973633,656.7999877929688,100.40899658203125,6,204547,180224,659353
JUPITER,0,-69.57091522216797,12.038283348083496,-0.08453977108001709,0.97381591796875,-1.251708984375,-0.7232666015625,88618.484375,31.739999771118164,1,-21.962358474731445,-47.48292922973633,656.7999877929688,100.40899658203125,6,204547,180224,659625
JUPITER,0,-5.117789268493652,-38.69718933105469,107.23815155029297,0.17291259765625,-1.1834716796875,-0.4327392578125,88865.1484375,30.079999923706055,1,-21.962358474731445,-47.48292922973633,656.7999877929688,100.40899658203125,6,204547,180224,659625
JUPITER,0,-47.04131317138672,137.0840606689453,71.34185028076172,0.49603271484375,-1.536865234375,-2.177490234375,88908.75,30.1299991607666,1,-21.962358474731445,-47.48292922973633,656.7999877929688,114.26599884033203,6,204547,180224,659625
JUPITER,0,-67.10662078857422,147.4142608642578,106.32262420654297,0.94976806640625,-1.3057861328125,-1.739990234375,88873.6875,30.139999389648438,1,-21.962358474731445,-47.48292922973633,648.7000122070312,114.26599884033203,6,204548,180224,659625
JUPITER,0,-62.63579559326172,134.34510803222656,87.58483123779297,0.73797607421875,-1.599853515625,-2.07470703125,88795.0,30.100000381469727,1,-21.962358474731445,-47.48292922973633,648.7000122070312,114.26599884033203,6,204548,180224,659625
JUPITER,0,-68.95293426513672,186.1410675048828,88.99626922607422,0.05889892578125,-1.465087890625,-2.6890869140625,88868.9140625,30.209999084472656,1,-21.962358474731445,-47.48292922973633,648.7000122070312,114.26599884033203,6,204548,180224,659625
JUPITER,0,-84.18120574951172,122.89338684082031,102.40111541748047,1.09576416015625,-1.7020263671875,-2.1522216796875,88573.984375,30.1299991607666,1,-21.962358474731445,-47.48292922973633,648.7000122070312,114.26599884033203,6,204548,180224,659625
JUPITER,0,-91.39861297607422,208.57911682128906,76.11785125732422,1.9739990234375,-1.8966064453125,-2.218017578125,88678.96875,31.729999542236328,1,-21.962358474731445,-47.48292922973633,648.7000122070312,114.26599884033203,6,204548,180224,659842
JUPITER,0,-81.74742889404297,-122.31535339355469,146.52191162109375,0.43658447265625,-2.0008544921875,-2.9730224609375,88792.828125,30.06999969482422,1,-21.961885452270508,-47.4826774597168,648.7000122070312,114.26599884033203,6,204548,180224,659842
JUPITER,0,-67.61779022216797,-216.4010467529297,165.816650390625,0.02496337890625,-1.806884765625,-2.9730224609375,88798.4375,30.06999969482422,1,-21.961885452270508,-47.4826774597168,648.7000122070312,114.26599884033203,6,204548,180224,659842
JUPITER,0,-82.13652801513672,-56.80937194824219,183.06671142578125,-0.34820556640625,-2.229248046875,-2.905517578125,88970.28125,30.030000686645508,1,-21.961885452270508,-47.4826774597168,648.7000122070312,107.8239974975586,6,204548,180224,659842
JUPITER,0,-61.33116912841797,-71.77824401855469,158.6297607421875,1.29180908203125,-2.02783203125,-2.811279296875,88927.4296875,30.010000228881836,1,-21.961885452270508,-47.4826774597168,645.2000122070312,107.8239974975586,7,204549,180224,659842
JUPITER,0,-87.24822235107422,12.915663719177246,157.49298095703125,0.75164794921875,-2.092041015625,-2.9730224609375,89013.34375,30.139999389648438,1,-21.961885452270508,-47.4826774597168,645.2000122070312,107.8239974975586,7,204549,180224,659842
JUPITER,0,-113.81377410888672,76.68977355957031,161.177978515625,-0.85052490234375,-2.5040283203125,-2.562744140625,88930.9921875,30.030000686645508,1,-21.961885452270508,-47.4826774597168,645.2000122070312,107.8239974975586,7,204549,180224,659842
JUPITER,0,-126.78374481201172,106.21553039550781,136.54266357421875,-0.26605224609375,-2.61669921875,-0.4534912109375,89316.96875,31.649999618530273,1,-21.961885452270508,-47.4826774597168,645.2000122070312,107.8239974975586,7,204549,180224,660078
JUPITER,0,-143.43870544433594,-251.64122009277344,170.85205078125,0.58526611328125,-2.8826904296875,-2.3265380859375,89418.28125,29.889999389648438,1,-21.961885452270508,-47.4826774597168,645.2000122070312,107.8239974975586,7,204549,180224,660078
JUPITER,0,-121.26006317138672,-251.64122009277344,204.65789794921875,1.02252197265625,-2.974853515625,-2.596435546875,89319.328125,29.8799991607666,1,-21.961885452270508,-47.4826774597168,645.2000122070312,107.8239974975586,7,204549,180224,660078
JUPITER,0,-117.58269500732422,-251.64122009277344,203.02520751953125,0.81781005859375,-2.974853515625,-2.3504638671875,89306.09375,29.90999984741211,1,-21.961885452270508,-47.4826774597168,645.2000122070312,107.8239974975586,7,204549,180224,660078
JUPITER,0,-45.63750457763672,-156.2966766357422,242.50732421875,-0.00494384765625,-2.974853515625,-2.781982421875,89378.4296875,29.700000762939453,1,-21.961885452270508,-47.4826774597168,645.2000122070312,107.8239974975586,7,204549,180224,660078
JUPITER,0,-65.66466522216797,137.57997131347656,248.8702392578125,0.47760009765625,-2.974853515625,-2.9730224609375,89828.328125,31.579999923706055,1,-21.961885452270508,-47.4826774597168,645.2000122070312,92.97000122070312,7,204549,180224,660342
JUPITER,0,-242.33091735839844,-251.64122009277344,106.55913543701172,1.40338134765625,-2.974853515625,-1.603271484375,89587.90625,29.420000076293945,1,-21.961885452270508,-47.4826774597168,638.2999877929688,92.97000122070312,8,204550,180224,660342
JUPITER,0,-227.6901092529297,-251.64122009277344,128.18084716796875,1.38348388671875,-2.974853515625,-1.9383544921875,89699.375,29.420000076293945,1,-21.961885452270508,-47.4826774597168,638.2999877929688,92.97000122070312,8,204550,180224,660342
JUPITER,0,-238.5085906982422,-251.64122009277344,145.80474853515625,0.97943115234375,-2.974853515625,-2.9730224609375,89733.671875,29.399999618530273,1,-21.961885452270508,-47.4826774597168,638.2999877929688,92.97000122070312,8,204550,180224,660342
JUPITER,0,-129.69053649902344,-251.64122009277344,246.03973388671875,0.12677001953125,-2.974853515625,-2.379150390625,89641.953125,29.25,1,-21.961885452270508,-47.4826774597168,638.2999877929688,92.97000122070312,8,204550,180224,660342
JUPITER,0,-106.77947235107422,-251.64122009277344,248.8702392578125,0.32244873046875,-2.974853515625,-2.9730224609375,89604.5,29.360000610351562,1,-21.96136474609375,-47.48236846923828,638.2999877929688,92.97000122070312,8,204550,180224,660342
JUPITER,0,19.754037857055664,-229.9050750732422,248.8702392578125,-0.85418701171875,-2.974853515625,-2.7103271484375,90058.2109375,31.520000457763672,1,-21.96136474609375,-47.48236846923828,638.2999877929688,92.97000122070312,8,204550,180224,660557
JUPITER,0,-247.2061004638672,-251.64122009277344,-54.61182403564453,1.56817626953125,-2.974853515625,-0.879150390625,90022.5625,29.06999969482422,1,-21.96136474609375,-47.48236846923828,638.2999877929688,92.97000122070312,8,204550,180224,660557
JUPITER,0,-247.2061004638672,-251.64122009277344,-37.35413360595703,1.9739990234375,-2.974853515625,-1.234619140625,90025.265625,29.049999237060547,1,-21.96136474609375,-47.48236846923828,638.2999877929688,75.62200164794922,8,204550,180224,660557
JUPITER,0,-247.2061004638672,-251.64122009277344,-21.4239559173584,1.82525634765625,-2.974853515625,-1.5399169921875,90001.484375,29.059999465942383,1,-21.96136474609375,-47.48236846923828,632.2000122070312,75.62200164794922,8,204551,180224,660557
JUPITER,0,-247.2061004638672,-251.64122009277344,-4.013678073883057,1.79071044921875,-2.974853515625,-1.1796875,90007.34375,29.1200008392334,1,-21.96136474609375,-47.48236846923828,632.2000122070312,75.62200164794922,8,204551,180224,660557
JUPITER,0,-157.2555389404297,-251.64122009277344,237.471923828125,1.09783935546875,-2.974853515625,-2.9730224609375,90041.53125,29.079999923706055,1,-21.96136474609375,-47.48236846923828,632.2000122070312,75.62200164794922,8,204551,180224,660557
JUPITER,0,-79.09239959716797,-251.64122009277344,248.8702392578125,-0.89056396484375,-2.974853515625,-2.728515625,90390.953125,31.5,1,-21.96136474609375,-47.48236846923828,632.2000122070312,75.62200164794922,8,204551,180224,660771
JUPITER,0,-247.2061004638672,-171.9979705810547,-145.34820556640625,1.9739990234375,-2.974853515625,-1.0245361328125,90358.6875,28.709999084472656,1,-21.96136474609375,-47.48236846923828,632.2000122070312,75.62200164794922,8,204551,180224,660771
JUPITER,0,-247.2061004638672,-174.0273895263672,-141.77764892578125,1.56158447265625,-2.974853515625,0.1746826171875,90353.171875,28.729999542236328,1,-21.96136474609375,-47.48236846923828,632.2000122070312,75.62200164794922,8,204551,180224,660771
JUPITER,0,-247.2061004638672,-211.84629821777344,-132.2943115234375,1.9739990234375,-2.974853515625,-0.4617919921875,90340.015625,28.760000228881836,1,-21.961181640625,-47.48228073120117,632.2000122070312,75.62200164794922,8,204551,180224,660771
JUPITER,0,-247.2061004638672,-251.64122009277344,-65.24720001220703,1.9739990234375,-2.974853515625,-0.591064453125,90244.890625,28.799999237060547,1,-21.961181640625,-47.48228073120117,632.2000122070312,75.62200164794922,8,204551,180224,660771
JUPITER,0,-247.2061004638672,-251.64122009277344,45.98937225341797,1.92498779296875,-2.974853515625,-2.478759765625,90301.0625,28.81999969482422,1,-21.961181640625,-47.48228073120117,632.2000122070312,68.9219970703125,8,204551,180224,660771
JUPITER,0,-183.7753143310547,-251.64122009277344,235.1983642578125,1.07000732421875,-2.974853515625,-1.622314453125,90752.7578125,31.510000228881836,1,-21.961181640625,-47.48228073120117,621.0999755859375,68.9219970703125,8,204552,180224,660977
JUPITER,0,-247.2061004638672,248.3511505126953,-46.58570098876953,1.62786865234375,-2.974853515625,-0.8162841796875,90426.9375,29.049999237060547,1,-21.961181640625,-47.48228073120117,621.0999755859375,68.9219970703125,8,204552,180224,660977
JUPITER,0,-247.2061004638672,248.3511505126953,-69.84009552001953,1.83892822265625,-2.974853515625,-0.859619140625,90435.265625,29.030000686645508,1,-21.961181640625,-47.48228073120117,621.0999755859375,68.9219970703125,8,204552,180224,660977
JUPITER,0,-247.2061004638672,248.3511505126953,-85.71686553955078,1.61907958984375,-2.974853515625,0.0938720703125,90535.171875,29.100000381469727,1,-21.961181640625,-47.48228073120117,621.0999755859375,68.9219970703125,8,204552,180224,660977
JUPITER,0,-247.2061004638672,248.3511505126953,-113.79303741455078,1.9739990234375,-2.974853515625,-1.02490234375,90586.2578125,29.09000015258789,1,-21.961181640625,-47.48228073120117,621.0999755859375,68.9219970703125,8,204552,180224,660977
JUPITER,0,-180.6777801513672,188.4298858642578,-249.09271240234375,-0.03961181640625,-2.974853515625,1.02691650390625,90990.546875,28.68000030517578,1,-21.961181640625,-47.48228073120117,621.0999755859375,68.9219970703125,8,204552,180224,660977
JUPITER,0,-16.020193099975586,225.5697784423828,-251.12213134765625,-0.86981201171875,-2.974853515625,0.3746337890625,91994.109375,31.450000762939453,1,-21.961181640625,-47.48228073120117,621.0999755859375,68.9219970703125,8,204552,180224,661291
JUPITER,0,-184.6908416748047,-251.64122009277344,-40.33722686767578,1.40032958984375,-2.26220703125,-1.603515625,90888.671875,29.010000228881836,1,-21.961181640625,-47.48228073120117,621.0999755859375,59.83599853515625,8,204552,180224,661291
JUPITER,0,-189.48973083496094,-251.64122009277344,-20.69916343688965,0.92095947265625,-2.332275390625,-1.321044921875,90929.171875,28.979999542236328,1,-21.961181640625,-47.48228073120117,609.0,59.83599853515625,7,204553,180224,661291
JUPITER,0,-185.23252868652344,-251.64122009277344,-2.8234925270080566,1.53729248046875,-2.3466796875,-1.9498291015625,90870.4140625,29.0,1,-21.961181640625,-47.48228073120117,609.0,59.83599853515625,7,204553,180224,661291
JUPITER,0,-176.15354919433594,-251.64122009277344,61.98058319091797,0.69927978515625,-2.428955078125,-2.813232421875,90960.4921875,29.059999465942383,1,-21.961181640625,-47.48228073120117,609.0,59.83599853515625,7,204553,180224,661291
JUPITER,0,-70.45592498779297,-251.64122009277344,176.35284423828125,-1.14923095703125,-2.5455322265625,-2.325439453125,90984.84375,29.149999618530273,1,-21.961181640625,-47.48228073120117,609.0,59.83599853515625,7,204553,180224,661291
JUPITER,0,42.83295440673828,-251.64122009277344,214.43115234375,-0.86175537109375,-2.7696533203125,-2.263427734375,91022.046875,29.389999389648438,1,-21.961181640625,-47.48228073120117,609.0,59.83599853515625,7,204553,180224,661291
JUPITER,0,175.8896026611328,-251.64122009277344,70.76964569091797,-2.02593994140625,-2.23828125,-0.775390625,91127.90625,31.3799991607666,1,-21.960893630981445,-47.482139587402344,609.0,59.83599853515625,7,204553,180224,661647
JUPITER,0,-20.796194076538086,-251.64122009277344,101.11174774169922,0.50750732421875,-1.5582275390625,-2.574462890625,91297.421875,29.450000762939453,1,-21.960893630981445,-47.482139587402344,609.0,59.83599853515625,7,204553,180224,661647
JUPITER,0,-7.185355186462402,-251.64122009277344,111.22069549560547,-0.10296630859375,-1.507568359375,-2.54052734375,91417.375,29.440000534057617,1,-21.960893630981445,-47.482139587402344,609.0,57.277000427246094,7,204553,180224,661647
JUPITER,0,1.1840908527374268,-251.64122009277344,118.91112518310547,0.26934814453125,-1.5423583984375,-2.49951171875,91276.8046875,29.520000457763672,1,-21.960893630981445,-47.482139587402344,598.5,57.277000427246094,7,204554,180224,661647
JUPITER,0,5.143746376037598,-251.64122009277344,115.63811492919922,-0.25628662109375,-1.5621337890625,-2.9730224609375,91234.453125,29.59000015258789,1,-21.960893630981445,-47.482139587402344,598.5,57.277000427246094,7,204554,180224,661647
JUPITER,0,91.19568634033203,-251.64122009277344,79.89440155029297,-0.72918701171875,-1.6539306640625,-1.474853515625,91206.0,29.530000686645508,1,-21.960893630981445,-47.482139587402344,598.5,57.277000427246094,7,204554,180224,661647
JUPITER,0,123.66638946533203,-251.64122009277344,25.4510440826416,-2.00762939453125,-1.5218505859375,0.3331298828125,90918.59375,29.329999923706055,1,-21.960893630981445,-47.482139587402344,598.5,57.277000427246094,7,204554,180224,661647
JUPITER,0,130.4794464111328,-251.64122009277344,-5.058905124664307,-1.85479736328125,-1.9864501953125,-1.828369140625,91276.65625,31.299999237060547,1,-21.960893630981445,-47.482139587402344,598.5,57.277000427246094,7,204554,180224,661875
JUPITER,0,45.91522979736328,-251.64122009277344,77.59032440185547,-1.13226318359375,-1.3829345703125,-2.9033203125,91498.4609375,29.280000686645508,1,-21.960893630981445,-47.482139587402344,598.5,57.277000427246094,7,204554,180224,661875
JUPITER,0,50.47760772705078,-251.64122009277344,67.42034149169922,-1.00433349609375,-1.0927734375,-1.374755859375,91444.21875,29.469999313354492,1,-21.960893630981445,-47.482139587402344,598.5,57.277000427246094,7,204554,180224,661875
JUPITER,0,83.53577423095703,-251.64122009277344,51.38335418701172,-0.85931396484375,-1.2313232421875,-2.1497802734375,91351.34375,29.43000030517578,1,-21.96073341369629,-47.482120513916016,598.5,57.277000427246094,7,204554,180224,661875
JUPITER,0,75.37995147705078,-251.64122009277344,51.33757781982422,-0.80596923828125,-1.3858642578125,-2.025634765625,91360.96875,29.399999618530273,1,-21.96073341369629,-47.482120513916016,598.5,57.277000427246094,7,204554,180224,661875
JUPITER,0,78.08838653564453,-251.64122009277344,21.5295352935791,-0.91302490234375,-1.1600341796875,-1.852294921875,91410.96875,29.31999969482422,1,-21.96073341369629,-47.482120513916016,598.5,51.57899856567383,7,204554,180224,661875
JUPITER,0,50.07324981689453,-251.64122009277344,-41.10016632080078,-0.70477294921875,-1.1190185546875,-1.849853515625,91994.0,29.309999465942383,1,-21.96073341369629,-47.482120513916016,582.9000244140625,51.57899856567383,8,204555,180224,661875
JUPITER,0,44.64875030517578,-251.64122009277344,-32.59339141845703,0.13031005859375,-0.91455078125,-0.15087890625,92588.0234375,31.219999313354492,1,-21.96073341369629,-47.482120513916016,582.9000244140625,51.57899856567383,8,204555,180224,662096
JUPITER,0,11.254891395568848,-251.64122009277344,-63.59162139892578,-1.28289794921875,-1.2496337890625,-1.2724609375,92401.640625,29.219999313354492,1,-21.96073341369629,-47.482120513916016,582.9000244140625,51.57899856567383,8,204555,180224,662096
JUPITER,0,-0.38756442070007324,-251.64122009277344,-37.15576934814453,-1.07952880859375,-0.8809814453125,-1.72265625,92484.6875,29.25,1,-21.96073341369629,-47.482120513916016,582.9000244140625,51.57899856567383,8,204555,180224,662096
JUPITER,0,25.025949478149414,-251.64122009277344,-57.86194610595703,-1.51934814453125,-0.955322265625,1.02691650390625,92528.125,29.239999771118164,1,-21.96073341369629,-47.482120513916016,582.9000244140625,51.57899856567383,8,204555,180224,662096
JUPITER,0,10.057076454162598,-251.64122009277344,-80.58991241455078,-0.27435302734375,-1.096435546875,-0.61083984375,92543.3203125,29.209999084472656,1,-21.96073341369629,-47.482120513916016,582.9000244140625,51.57899856567383,8,204555,180224,662096
JUPITER,0,0.8255093097686768,-251.64122009277344,3.3334288597106934,-0.04937744140625,-0.811279296875,-0.1778564453125,92057.78125,29.209999084472656,1,-21.96073341369629,-47.482120513916016,582.9000244140625,51.57899856567383,8,204555,180224,662096
JUPITER,0,41.00189971923828,-251.64122009277344,37.44445037841797,-1.72467041015625,-1.12353515625,-2.8326416015625,92371.6875,31.09000015258789,1,-21.96073341369629,-47.482120513916016,582.9000244140625,51.57899856567383,8,204555,180224,662424
JUPITER,0,24.667367935180664,-251.64122009277344,-3.5940613746643066,0.12677001953125,-0.916015625,-2.9730224609375,92082.90625,29.290000915527344,1,-21.96073341369629,-47.482120513916016,582.9000244140625,54.33100128173828,8,204555,180224,662424
JUPITER,0,8.622750282287598,-251.64122009277344,-5.798956394195557,-1.75286865234375,-1.025146484375,-2.1656494140625,92061.796875,29.280000686645508,1,-21.96073341369629,-47.482120513916016,570.0,54.33100128173828,7,204556,180224,662424
JUPITER,0,23.805246353149414,-251.64122009277344,11.954645156860352,-1.54217529296875,-1.0233154296875,-1.604248046875,92055.2421875,29.15999984741211,1,-21.96073341369629,-47.482120513916016,570.0,54.33100128173828,7,204556,180224,662424
JUPITER,0,27.360544204711914,-251.64122009277344,17.8826847076416,-1.20660400390625,-1.0863037109375,-2.9730224609375,92016.8984375,29.280000686645508,1,-21.96073341369629,-47.482120513916016,570.0,54.33100128173828,7,204556,180224,662424
JUPITER,0,-3.9123446941375732,-251.64122009277344,-2.9455628395080566,-0.84527587890625,-1.15966796875,-1.3424072265625,92306.171875,29.1299991607666,1,-21.96073341369629,-47.482120513916016,570.0,54.33100128173828,7,204556,180224,662424
JUPITER,0,12.628182411193848,-251.64122009277344,-16.8463191986084,-2.01104736328125,-1.084716796875,-0.0225830078125,93023.140625,29.1200008392334,1,-21.960458755493164,-47.48212814331055,570.0,54.33100128173828,7,204556,180224,662424
JUPITER,0,2.9617397785186768,-251.64122009277344,-23.67462730407715,1.51214599609375,-1.227294921875,-2.4263916015625,92581.296875,30.979999542236328,1,-21.960458755493164,-47.48212814331055,570.0,54.33100128173828,7,204556,180224,662704
JUPITER,0,28.215036392211914,-251.64122009277344,-13.672491073608398,-0.62261962890625,-0.8916015625,-1.3916015625,92616.859375,29.200000762939453,1,-21.960458755493164,-47.48212814331055,570.0,54.33100128173828,7,204556,180224,662704
JUPITER,0,45.77027130126953,-251.64122009277344,-12.863775253295898,0.34429931640625,-0.9647216796875,-0.473876953125,92665.546875,29.149999618530273,1,-21.960458755493164,-47.48212814331055,570.0,62.69499969482422,7,204556,180224,662704
JUPITER,0,54.56696319580078,-251.64122009277344,-34.78302764892578,-0.48773193359375,-1.1072998046875,-2.32275390625,92769.1875,29.200000762939453,1,-21.960458755493164,-47.48212814331055,549.0999755859375,62.69499969482422,7,204557,180224,662704
JUPITER,0,27.207956314086914,-251.64122009277344,-21.75201988220215,0.24652099609375,-0.8675537109375,-1.2911376953125,92789.578125,29.209999084472656,1,-21.960458755493164,-47.48212814331055,549.0999755859375,62.69499969482422,7,204557,180224,662704
JUPITER,0,18.655405044555664,-251.64122009277344,-31.2200984954834,-1.29241943359375,-0.8851318359375,-2.7515869140625,92678.671875,29.1200008392334,1,-21.960458755493164,-47.48212814331055,549.0999755859375,62.69499969482422,7,204557,180224,662704
